file,target,trans_src_count
src/anonymous_input_name.cpp,//src:anonymous_input_name,1
src/audio/audio_utils.cpp,//src/audio:audio_utils,2
src/audio/speech_to_text/s2t_calculator.cc,//src/audio/speech_to_text:s2t_calculator,10
src/audio/speech_to_text/s2t_calculator.pb.cc,//src/audio/speech_to_text:s2t_calculator_cc_proto,1
src/audio/speech_to_text/s2t_calculator_options_lib.cc,//src/audio/speech_to_text:s2t_calculator_options_registry,2
src/audio/speech_to_text/stt_node_initializer.cpp,//src/audio/speech_to_text:s2t_calculator,10
src/audio/text_to_speech/t2s_calculator.cc,//src/audio/text_to_speech:t2s_calculator,11
src/audio/text_to_speech/t2s_calculator.pb.cc,//src/audio/text_to_speech:t2s_calculator_cc_proto,1
src/audio/text_to_speech/t2s_calculator_options_lib.cc,//src/audio/text_to_speech:t2s_calculator_options_registry,2
src/audio/text_to_speech/t2s_servable.cpp,//src/audio/text_to_speech:t2s_servable,6
src/audio/text_to_speech/tts_node_initializer.cpp,//src/audio/text_to_speech:t2s_calculator,11
src/capi_frontend/buffer.cpp,//src:libovmscapibuffer,2
src/capi_frontend/capi.cpp,//src:ovms_lib,234
src/capi_frontend/capi_backend_impls.cpp,//src:capi_backend_impl,52
src/capi_frontend/capi_dag_utils.cpp,//src:capi_dag_utils,18
src/capi_frontend/capi_request_utils.cpp,//src:capi_request_utils,17
src/capi_frontend/capi_utils.cpp,//src:libovmscapi_utils,17
src/capi_frontend/capi_validation.cpp,//src:capi_validation,23
src/capi_frontend/capimodule.cpp,//src:capimodule,5
src/capi_frontend/deserialization.cpp,//src:capi_deserialization,24
src/capi_frontend/inferenceparameter.cpp,//src:capiinferenceparameter,12
src/capi_frontend/inferencerequest.cpp,//src:inferencerequest,15
src/capi_frontend/inferenceresponse.cpp,//src:inferenceresponse,15
src/capi_frontend/inferencetensor.cpp,//src:inferencetensor,6
src/capi_frontend/servablemetadata.cpp,//src:libovms_capi_servable_metadata,8
src/capi_frontend/server_settings.cpp,//src:libovms_server_settings,2
src/capi_frontend/tensor_conversion.cpp,//src:capi_backend_impl,52
src/cleaner_utils.cpp,//src:cleaner_utils,16
src/cli_parser.cpp,//src:libovms_cliparser,15
src/color_format_configuration.cpp,//src:libovmscolor_format_configuration,3
src/config.cpp,//src:libovms_config,26
src/config_export_module/config_export.cpp,//src/config_export_module:config_export,9
src/custom_nodes/add_one/add_one.cpp,//src:libcustom_node_add_one.so,3
src/custom_nodes/common/buffersqueue.cpp,//src:custom_nodes_common_buffersqueue,1
src/custom_nodes/common/custom_node_library_internal_manager.cpp,//src:libcustom_node_add_one.so,3
src/custom_nodes/common/custom_node_library_internal_manager.cpp,//src:libcustom_node_model_zoo_intel_object_detection.so,3
src/custom_nodes/east_ocr/east_ocr.cpp,//src:libcustom_node_east_ocr.so,1
src/custom_nodes/face_blur/face_blur.cpp,//src:libcustom_node_face_blur.so,1
src/custom_nodes/horizontal_ocr/horizontal_ocr.cpp,//src:libcustom_node_horizontal_ocr.so,1
src/custom_nodes/image_transformation/image_transformation.cpp,//src:libcustom_node_image_transformation.so,1
src/custom_nodes/model_zoo_intel_object_detection/model_zoo_intel_object_detection.cpp,//src:libcustom_node_model_zoo_intel_object_detection.so,3
src/customloaders.cpp,//src:customloaders,6
src/dags/custom_node.cpp,//src/dags:custom_node,23
src/dags/custom_node_library_manager.cpp,//src/dags:custom_node_library_manager,7
src/dags/custom_node_output_allocator.cpp,//src/dags:custom_node_output_allocator,3
src/dags/customnodesession.cpp,//src/dags:customnodesession,22
src/dags/dag_capi.cpp,//src/dags:dag_capi,69
src/dags/dag_kfs.cpp,//src/dags:dag_kfs,68
src/dags/dag_tfs.cpp,//src/dags:dag_tfs,68
src/dags/dl_node.cpp,//src/dags:dl_node,41
src/dags/dlnodesession.cpp,//src/dags:dlnodesession,39
src/dags/gathernodeinputhandler.cpp,//src/dags:gathernodeinputhandler,15
src/dags/node.cpp,//src/dags:node,18
src/dags/node_library.cpp,//src/dags:node_library,1
src/dags/node_library_utils.cpp,//src/dags:node_library_utils,14
src/dags/nodeinputhandler.cpp,//src/dags:nodeinputhandler,3
src/dags/nodesession.cpp,//src/dags:nodesession,16
src/dags/nodesessionmetadata.cpp,//src/dags:nodesessionmetadata,2
src/dags/nodestreamidguard.cpp,//src/dags:nodestreamidguard,18
src/dags/pipeline.cpp,//src/dags:pipeline,19
src/dags/pipeline_config_parser.cpp,//src/dags:pipeline_config_parser,62
src/dags/pipeline_factory.cpp,//src/dags:pipeline_factory,52
src/dags/pipelinedefinition.cpp,//src/dags:pipelinedefinition,51
src/dags/pipelinedefinitionstatus.cpp,//src/dags:pipelinedefinitionstatus,3
src/deserialization_common.cpp,//src:deserialization_common,16
src/drogon_http_async_writer_impl.cpp,//src:libdrogon_http_server,28
src/drogon_http_server.cpp,//src:libdrogon_http_server,28
src/embeddings/embeddings_api.cpp,//src/embeddings:embeddings_api,3
src/embeddings/embeddings_calculator.pb.cc,//src/embeddings:embeddings_calculator_cc_proto,1
src/embeddings/embeddings_calculator_options_lib.cc,//src/embeddings:embeddings_calculator_options_registry,2
src/embeddings/embeddings_calculator_ov.cc,//src/embeddings:embeddingscalculator_ov,27
src/embeddings/embeddings_calculator_ov.pb.cc,//src/embeddings:embeddings_calculator_ov_cc_proto,1
src/embeddings/embeddings_calculator_ov_options_lib.cc,//src/embeddings:embeddings_calculator_ov_options_registry,2
src/embeddings/embeddings_node_initializer.cpp,//src/embeddings:embeddingscalculator_ov,27
src/embeddings/embeddings_servable.cpp,//src/embeddings:embeddings_servable,11
src/executingstreamidguard.cpp,//src:executingstreamidguard,15
src/filesystem/azurefilesystem.cpp,//src/filesystem:libovmsazurefilesystem,7
src/filesystem/azurestorage.cpp,//src/filesystem:libovmsazurefilesystem,7
src/filesystem/filesystem.cpp,//src/filesystem:libovmsfilesystem,5
src/filesystem/filesystemfactory.cpp,//src/filesystem:libovmsfilesystemfactory,11
src/filesystem/gcsfilesystem.cpp,//src/filesystem:libovmsgcsfilesystem,6
src/filesystem/localfilesystem.cpp,//src/filesystem:libovmslocalfilesystem,6
src/filesystem/s3filesystem.cpp,//src/filesystem:libovmss3filesystem,6
src/get_model_metadata_impl.cpp,//src:ovms_lib,234
src/global_sequences_viewer.cpp,//src:global_sequences_viewer,15
src/graph_export/embeddings_graph_cli_parser.cpp,//src/graph_export:embeddings_graph_cli_parser,6
src/graph_export/graph_cli_parser.cpp,//src/graph_export:graph_cli_parser,5
src/graph_export/graph_export.cpp,//src/graph_export:graph_export,10
src/graph_export/image_generation_graph_cli_parser.cpp,//src/graph_export:image_generation_graph_cli_parser,6
src/graph_export/rerank_graph_cli_parser.cpp,//src/graph_export:rerank_graph_cli_parser,6
src/graph_export/s2t_graph_cli_parser.cpp,//src/graph_export:s2t_graph_cli_parser,6
src/graph_export/t2s_graph_cli_parser.cpp,//src/graph_export:t2s_graph_cli_parser,6
src/grpc_utils.cpp,//src:grpc_utils,3
src/grpcservermodule.cpp,//src:ovms_lib,234
src/http_frontend/http_graph_executor_impl.cpp,//src:libovms_mediapipe_http_executor,40
src/http_frontend/multi_part_parser_drogon_impl.cpp,//src:libmultipart_parser_drogon_impl,1
src/http_rest_api_handler.cpp,//src:ovms_lib,234
src/http_server.cpp,//src:ovms_lib,234
src/httpservermodule.cpp,//src:ovms_lib,234
src/image_conversion.cpp,//src:image_conversion,9
src/image_gen/http_image_gen_calculator.cc,//src/image_gen:image_gen_calculator,18
src/image_gen/image_gen_calculator.pb.cc,//src/image_gen:image_gen_calculator_cc_proto,1
src/image_gen/image_gen_calculator_options_lib.cc,//src/image_gen:image_gen_calculator_options_registry,2
src/image_gen/image_gen_node_initializer.cpp,//src/image_gen:image_gen_calculator,18
src/image_gen/imagegen_init.cpp,//src/image_gen:imagegen_init,14
src/image_gen/imagegenutils.cpp,//src/image_gen:imagegenutils,10
src/image_gen/pipelines.cpp,//src/image_gen:pipelines,3
src/json_parser.cpp,//src:libmodelconfigjsonparser,4
src/kfs_frontend/deserialization.cpp,//src:kfs_deserialization,21
src/kfs_frontend/kfs_backend_impl.cpp,//src:kfs_backend_impl,50
src/kfs_frontend/kfs_graph_executor_impl.cpp,//src:libovms_mediapipe_kfs_executor,47
src/kfs_frontend/kfs_grpc_inference_service.cpp,//src:ovms_lib,234
src/kfs_frontend/kfs_request_utils.cpp,//src:kfs_request_utils,18
src/kfs_frontend/kfs_utils.cpp,//src:libovms_kfs_utils,17
src/kfs_frontend/serialization.cpp,//src:kfs_serialization,20
src/kfs_frontend/tensor_conversion.cpp,//src:kfs_backend_impl,50
src/kfs_frontend/validation.cpp,//src:kfs_validation,18
src/kfserving_api/grpc_predict_v2.grpc.pb.cc,//src/kfserving_api:kfserving_api_cpp,2
src/kfserving_api/grpc_predict_v2.pb.cc,//src/kfserving_api:kfserving_api_cpp,2
src/layout.cpp,//src:libovmslayout,5
src/layout_configuration.cpp,//src:libovmslayout_configuration,6
src/llm/apis/openai_api_handler.cpp,//src/llm:openai_api_handler,26
src/llm/apis/openai_completions.cpp,//src/llm:openai_completions_api_handler,27
src/llm/apis/openai_responses.cpp,//src/llm:openai_responses_handler,27
src/llm/http_llm_calculator.cc,//src/llm:llmcalculator,54
src/llm/io_processing/base_generation_config_builder.cpp,//src/llm:generation_config_builders,6
src/llm/io_processing/base_output_parser.cpp,//src/llm:io_processing_base_output_parser,2
src/llm/io_processing/devstral/generation_config_builder.cpp,//src/llm:generation_config_builders,6
src/llm/io_processing/devstral/tool_parser.cpp,//src/llm:output_parsers,18
src/llm/io_processing/gptoss/harmony.cpp,//src/llm:output_parsers,18
src/llm/io_processing/gptoss/reasoning_parser.cpp,//src/llm:output_parsers,18
src/llm/io_processing/gptoss/tool_parser.cpp,//src/llm:output_parsers,18
src/llm/io_processing/hermes3/generation_config_builder.cpp,//src/llm:generation_config_builders,6
src/llm/io_processing/hermes3/tool_parser.cpp,//src/llm:output_parsers,18
src/llm/io_processing/llama3/generation_config_builder.cpp,//src/llm:generation_config_builders,6
src/llm/io_processing/llama3/tool_parser.cpp,//src/llm:output_parsers,18
src/llm/io_processing/mistral/tool_parser.cpp,//src/llm:output_parsers,18
src/llm/io_processing/output_parser.cpp,//src/llm:output_parsers,18
src/llm/io_processing/partial_json_builder.cpp,//src/llm:partial_json_builder,1
src/llm/io_processing/phi4/generation_config_builder.cpp,//src/llm:generation_config_builders,6
src/llm/io_processing/phi4/tool_parser.cpp,//src/llm:output_parsers,18
src/llm/io_processing/qwen3/reasoning_parser.cpp,//src/llm:output_parsers,18
src/llm/io_processing/qwen3coder/qwen3coder_tool_parser.cpp,//src/llm:io_processing_qwen3coder_tool_parser,6
src/llm/io_processing/utils.cpp,//src/llm:io_processing_utils,1
src/llm/language_model/continuous_batching/servable.cpp,//src/llm:genai_servables,49
src/llm/language_model/continuous_batching/servable_initializer.cpp,//src/llm:genai_servables,49
src/llm/language_model/legacy/legacy_executor.cpp,//src/llm:genai_servables,49
src/llm/language_model/legacy/servable.cpp,//src/llm:genai_servables,49
src/llm/language_model/legacy/servable_initializer.cpp,//src/llm:genai_servables,49
src/llm/llm_calculator.pb.cc,//src/llm:llmcalculator_cc_proto,1
src/llm/llm_node_initializer.cpp,//src/llm:llmcalculator,54
src/llm/llmcalculator_options_lib.cc,//src/llm:llmcalculator_options_registry,2
src/llm/py_jinja_template_processor.cpp,//src/llm:py_jinja_template_processor,2
src/llm/servable.cpp,//src/llm:genai_servables,49
src/llm/servable_initializer.cpp,//src/llm:genai_servables,49
src/llm/visual_language_model/continuous_batching/servable.cpp,//src/llm:genai_servables,49
src/llm/visual_language_model/legacy/legacy_executor.cpp,//src/llm:genai_servables,49
src/llm/visual_language_model/legacy/servable.cpp,//src/llm:genai_servables,49
src/llm/visual_language_model/legacy/servable_initializer.cpp,//src/llm:genai_servables,49
src/logging.cpp,//src:libovmslogging,1
src/main.cpp,//src:ovms,243
src/main_benchmark.cpp,//src:capi_benchmark,235
src/main_capi.cpp,//src:capi_cpp_example,235
src/main_windows.cpp,//src:ovms,243
src/mediapipe_calculators/ovmscalculator.pb.cc,//src:ovmscalculatoroptions_cc_proto,1
src/mediapipe_internal/mediapipe_utils.cpp,//src/mediapipe_internal:mediapipe_utils,4
src/mediapipe_internal/mediapipefactory.cpp,//src/mediapipe_internal:libovms_mediapipe,39
src/mediapipe_internal/mediapipegraphconfig.cpp,//src/mediapipe_internal:libovms_mediapipe,39
src/mediapipe_internal/mediapipegraphdefinition.cpp,//src/mediapipe_internal:libovms_mediapipe,39
src/mediapipe_internal/mediapipegraphexecutor.cpp,//src/mediapipe_internal:libovms_mediapipe,39
src/mediapipe_internal/node_initializer.cpp,//src/mediapipe_internal:node_initializer,3
src/metrics/metric.cpp,//src/metrics:libovmsmetrics,12
src/metrics/metric_config.cpp,//src/metrics:libovmsmetrics,12
src/metrics/metric_family.cpp,//src/metrics:libovmsmetrics,12
src/metrics/metric_module.cpp,//src/metrics:libovmsmetrics,12
src/metrics/metric_registry.cpp,//src/metrics:libovmsmetrics,12
src/model.cpp,//src:model,56
src/model_metric_reporter.cpp,//src:model_metric_reporter,13
src/model_service.cpp,//src:ovms_lib,234
src/model_version_policy.cpp,//src:libovmsmodelversioning,1
src/modelchangesubscription.cpp,//src:modelchangesubscription,2
src/modelconfig.cpp,//src:modelconfig,15
src/modelextensions.cpp,//src:modelextensions,1
src/modelinstance.cpp,//src:modelinstance,50
src/modelinstanceunloadguard.cpp,//src:modelinstanceunloadguard,31
src/modelmanager.cpp,//src:modelmanager,102
src/modelversionstatus.cpp,//src:libovmsmodelversionstatus,2
src/module_names.cpp,//src:cpp_headers,3
src/net_http_async_writer_impl.cpp,//src:libnet_http_server,3
src/network_utils.cpp,//src:network_utils,2
src/ocl_utils.cpp,//src:libovmsoclutils,2
src/opencltensorfactory.cpp,//src:libovmstensorfactory,5
src/outputkeeper.cpp,//src:libovms_outputkeeper,8
src/ov_utils.cpp,//src:libovms_ov_utils,12
src/ovinferrequestsqueue.cpp,//src:libovms_ovinferrequestsqueue,2
src/ovmscalculatoroptions_options_lib.cc,//src:ovmscalculatoroptions_options_registry,2
src/precision.cpp,//src:libovmsprecision,1
src/precision_configuration.cpp,//src:libovmsprecision_configuration,3
src/predict_request_validation_utils_impl.cpp,//src:predict_request_validation_utils_impl,9
src/prediction_service.cpp,//src:ovms_lib,234
src/profiler.cpp,//src:libovmsprofiler,8
src/profilermodule.cpp,//src:libovmsprofiler,8
src/pull_module/cmd_exec.cpp,//src/pull_module:cmd_exec,3
src/pull_module/gguf_downloader.cpp,//src/pull_module:gguf_downloader,9
src/pull_module/hf_pull_model_module.cpp,//src/pull_module:hf_pull_model_module,17
src/pull_module/libgit2.cpp,//src/pull_module:libgit2,10
src/pull_module/model_downloader.cpp,//src/pull_module:model_downloader,7
src/pull_module/optimum_export.cpp,//src/pull_module:optimum_export,11
src/python/binding/ovms_py_tensor.cpp,//src/python/binding:pyovms.so,2
src/python/ovms_py_tensor.cpp,//src/python:ovmspytensor,1
src/python/pytensor_ovtensor_converter_calculator.cc,//src/python:pytensorovtensorconvertercalculator,6
src/python/pytensor_ovtensor_converter_calculator.pb.cc,//src/python:pytensorovtensorconvertercalculator_cc_proto,1
src/python/pytensorovtensorconvertercalculator_options_lib.cc,//src/python:pytensorovtensorconvertercalculator_options_registry,2
src/python/python_backend.cpp,//src/python:pythonbackend,2
src/python/python_executor_calculator.cc,//src/python:pythonexecutorcalculator,11
src/python/python_executor_calculator.pb.cc,//src/python:pythonexecutorcalculator_cc_proto,1
src/python/python_node_initializer.cpp,//src/python:pythonexecutorcalculator,11
src/python/pythonexecutorcalculator_options_lib.cc,//src/python:pythonexecutorcalculator_options_registry,2
src/python/pythoninterpretermodule.cpp,//src/python:libovmspythonmodule,16
src/python/pythonnoderesources.cpp,//src/python:pythonnoderesources,6
src/regularovtensorfactory.cpp,//src:libovmstensorfactory,5
src/rerank/rerank_calculator.cc,//src/rerank:rerankcalculator,11
src/rerank/rerank_calculator.pb.cc,//src/rerank:rerank_calculator_cc_proto,1
src/rerank/rerank_calculator_options_lib.cc,//src/rerank:rerank_calculator_options_registry,2
src/rerank/rerank_calculator_ov.cc,//src/rerank:rerankcalculator_ov,26
src/rerank/rerank_calculator_ov.pb.cc,//src/rerank:rerank_calculator_ov_cc_proto,1
src/rerank/rerank_calculator_ov_options_lib.cc,//src/rerank:rerank_calculator_ov_options_registry,2
src/rerank/rerank_node_initializer.cpp,//src/rerank:rerankcalculator_ov,26
src/rerank/rerank_utils.cpp,//src/rerank:rerank_api_handler,9
src/rest_parser.cpp,//src:rest_parser_utils,20
src/rest_utils.cpp,//src:rest_parser_utils,20
src/schema.cpp,//src:libovmsschema,6
src/sequence.cpp,//src:libovms_sequence,13
src/sequence_manager.cpp,//src:libovms_sequence_manager,14
src/serialization_common.cpp,//src:serialization_common,12
src/servable_definition_unload_guard.cpp,//src:libovms_single_version_servable_definition,11
src/servablemanagermodule.cpp,//src:servablemanagermodule,103
src/servables_config_manager_module/listmodels.cpp,//src/servables_config_manager_module:listmodels,7
src/servables_config_manager_module/servablesconfigmanagermodule.cpp,//src/servables_config_manager_module:servablesconfigmanagermodule,13
src/server.cpp,//src:ovms_lib,234
src/shape.cpp,//src:libovmsshape,4
src/sidepacket_servable.cpp,//src:sidepacket_servable,9
src/single_version_servable_definition.cpp,//src:libovms_single_version_servable_definition,11
src/statefulmodelinstance.cpp,//src:statefulmodelinstance,55
src/status.cpp,//src:libovmsstatus,2
src/stringutils.cpp,//src:libovmsstring_utils,1
src/systeminfo.cpp,//src:libovms_systeminfo,3
src/tensor_conversion.cpp,//src:tensor_conversion,14
src/tensor_conversion_common.cpp,//src:tensor_conversion_common,14
src/tensorinfo.cpp,//src:libovms_tensorinfo,7
src/test/audio/speech2text_test.cpp,//src:ovms_test,379
src/test/audio/text2speech_test.cpp,//src:ovms_test,379
src/test/azurefilesystem_test.cpp,//src:ovms_test,379
src/test/c_api_stress_tests.cpp,//src:ovms_test,379
src/test/c_api_test_utils.cpp,//src:test_utils,238
src/test/c_api_tests.cpp,//src:ovms_test,379
src/test/capi_predict_validation_test.cpp,//src:ovms_test,379
src/test/config_export_full_test.cpp,//src:config_export_full_test,241
src/test/config_export_test.cpp,//src:config_export_test,13
src/test/constructor_enabled_model_manager.cpp,//src:test_constructor_enabled_model_manager,235
src/test/custom_node_buffersqueue_test.cpp,//src:ovms_test,379
src/test/custom_node_output_allocator_test.cpp,//src:ovms_test,379
src/test/custom_nodes/node_choose_maximum.cpp,//src:lib_node_choose_maximum.so,1
src/test/custom_nodes/node_dynamic_demultiplex.cpp,//src:lib_node_dynamic_demultiplex.so,1
src/test/custom_nodes/node_perform_different_operations.cpp,//src:lib_node_perform_different_operations.so,1
src/test/demultiplexer_node_test.cpp,//src:ovms_test,379
src/test/deserialization_tests.cpp,//src:ovms_test,379
src/test/disabled_mediapipe_test.cpp,//src:ovms_test,379
src/test/embeddings_handler_test.cpp,//src:embeddings_handler_tests,4
src/test/embeddingsnode_test.cpp,//src:ovms_test,379
src/test/ensemble_config_change_stress.cpp,//src:ovms_test,379
src/test/ensemble_flow_custom_node_tests.cpp,//src:ovms_test,379
src/test/ensemble_mapping_config_tests.cpp,//src:ovms_test,379
src/test/ensemble_metadata_test.cpp,//src:ovms_test,379
src/test/ensemble_tests.cpp,//src:ovms_test,379
src/test/environment.cpp,//src:libtest_environment,2
src/test/gather_node_test.cpp,//src:ovms_test,379
src/test/gcsfilesystem_test.cpp,//src:ovms_test,379
src/test/get_mediapipe_graph_metadata_response_test.cpp,//src:ovms_test,379
src/test/get_model_metadata_response_test.cpp,//src:ovms_test,379
src/test/get_model_metadata_signature_test.cpp,//src:ovms_test,379
src/test/get_model_metadata_validation_test.cpp,//src:ovms_test,379
src/test/get_pipeline_metadata_response_test.cpp,//src:ovms_test,379
src/test/gguf_environment.cpp,//src:test_gguf_environment,2
src/test/gpuenvironment.cpp,//src:libtest_gpuenvironment,2
src/test/graph_export_test.cpp,//src:graph_export_test,14
src/test/http_openai_handler_test.cpp,//src:ovms_test,379
src/test/http_rest_api_handler_test.cpp,//src:ovms_test,379
src/test/inferencerequest_test.cpp,//src:inferencerequest_test,17
src/test/kfs_metadata_test.cpp,//src:ovms_test,379
src/test/kfs_rest_parser_test.cpp,//src:ovms_test,379
src/test/kfs_rest_test.cpp,//src:ovms_test,379
src/test/layout_test.cpp,//src:ovms_test,379
src/test/libgit2_test.cpp,//src:libgit2_test,241
src/test/light_test_utils.cpp,//src:test_light_test_utils,1
src/test/listdirectorymodels_test.cpp,//src:listdirectorymodels_test,240
src/test/listmodelsendpoint_test.cpp,//src:ovms_test,379
src/test/llm/assisted_decoding_test.cpp,//src:ovms_test,379
src/test/llm/llmnode_test.cpp,//src:ovms_test,379
src/test/llm/llmtemplate_test.cpp,//src:ovms_test,379
src/test/llm/max_model_length_test.cpp,//src:ovms_test,379
src/test/llm/output_parsers/base_output_parser_test.cpp,//src:test_llm_output_parser_tests,30
src/test/llm/output_parsers/devstral_output_parser_test.cpp,//src:test_llm_output_parser_tests,30
src/test/llm/output_parsers/gptoss_output_parser_test.cpp,//src:test_llm_output_parser_tests,30
src/test/llm/output_parsers/hermes3_output_parser_test.cpp,//src:test_llm_output_parser_tests,30
src/test/llm/output_parsers/llama3_output_parser_test.cpp,//src:test_llm_output_parser_tests,30
src/test/llm/output_parsers/mistral_output_parser_test.cpp,//src:test_llm_output_parser_tests,30
src/test/llm/output_parsers/partial_json_builder_test.cpp,//src:test_llm_output_parser_tests,30
src/test/llm/output_parsers/phi4_output_parser_test.cpp,//src:test_llm_output_parser_tests,30
src/test/llm/output_parsers/qwen3_output_parser_test.cpp,//src:test_llm_output_parser_tests,30
src/test/llm/output_parsers/qwen3coder_output_parser_test.cpp,//src:test_llm_output_parser_tests,30
src/test/llm/output_parsers/stream_output_cache_test.cpp,//src:test_llm_output_parser_tests,30
src/test/llm/text_streamer_test.cpp,//src:ovms_test,379
src/test/llm/tokenize_endpoint_test.cpp,//src:ovms_test,379
src/test/llm/visual_language_model/complete_flow_test.cpp,//src:ovms_test,379
src/test/llm/visual_language_model/initialization_test.cpp,//src:ovms_test,379
src/test/localfilesystem_test.cpp,//src:ovms_test,379
src/test/mediapipe/calculators/exceptionduringclosecalculator.cpp,//src/test/mediapipe/calculators:mediapipe_test_calculators,246
src/test/mediapipe/calculators/exceptionduringgetcontractcalculator.cpp,//src/test/mediapipe/calculators:mediapipe_test_calculators,246
src/test/mediapipe/calculators/exceptionduringopencalculator.cpp,//src/test/mediapipe/calculators:mediapipe_test_calculators,246
src/test/mediapipe/calculators/exceptionduringprocesscalculator.cpp,//src/test/mediapipe/calculators:mediapipe_test_calculators,246
src/test/mediapipe/calculators/multipart_accepting_calculator.cpp,//src/test/mediapipe/calculators:dependency_free_http_test_calculators,2
src/test/mediapipe/calculators/negative_calculator.cc,//src/test/mediapipe/calculators:mediapipe_test_calculators,246
src/test/mediapipe/calculators/nooutputstreamsproducedcalculator.cpp,//src/test/mediapipe/calculators:mediapipe_test_calculators,246
src/test/mediapipe/calculators/openai_chat_completions_mock_calculator.cpp,//src/test/mediapipe/calculators:dependency_free_http_test_calculators,2
src/test/mediapipe/calculators/ovms_calculator.cc,//src/test/mediapipe/calculators:mediapipe_test_calculators,246
src/test/mediapipe/calculators/ovms_image_input_calculator.cc,//src/test/mediapipe/calculators:mediapipe_test_calculators,246
src/test/mediapipe/calculators/ovms_kfs_calculator.cc,//src/test/mediapipe/calculators:mediapipe_test_calculators,246
src/test/mediapipe/calculators/ovmscalculator.pb.cc,//src/test/mediapipe/calculators:ovmscalculatoroptions_cc_proto,1
src/test/mediapipe/calculators/ovmscalculatoroptions_options_lib.cc,//src/test/mediapipe/calculators:ovmscalculatoroptions_options_registry,2
src/test/mediapipe/calculators/streaming_test_calculator.cpp,//src/test/mediapipe/calculators:mediapipe_test_calculators,246
src/test/mediapipe/calculators/two_input_calculator.cpp,//src/test/mediapipe/calculators:mediapipe_test_calculators,246
src/test/mediapipe/inputsidepacketusertestcalc.cc,//src:ovms_test,379
src/test/mediapipe_framework_test.cpp,//src:ovms_test,379
src/test/mediapipe_validation_test.cpp,//src:ovms_test,379
src/test/mediapipeflow_test.cpp,//src:ovms_test,379
src/test/metric_config_test.cpp,//src:ovms_test,379
src/test/metrics_flow_test.cpp,//src:ovms_test,379
src/test/metrics_test.cpp,//src:ovms_test,379
src/test/model_cache_test.cpp,//src:ovms_test,379
src/test/model_service_test.cpp,//src:ovms_test,379
src/test/model_test.cpp,//src:ovms_test,379
src/test/model_version_policy_test.cpp,//src:ovms_test,379
src/test/modelconfig_test.cpp,//src:ovms_test,379
src/test/modelinstance_test.cpp,//src:ovms_test,379
src/test/modelmanager_test.cpp,//src:ovms_test,379
src/test/modelversionstatus_test.cpp,//src:ovms_test,379
src/test/multi_part_parser_drogon_test.cpp,//src:ovms_test,379
src/test/multipart_calculator_test.cpp,//src:ovms_test,379
src/test/network_utils_test.cpp,//src:network_utils_test,239
src/test/node_library_manager_test.cpp,//src:ovms_test,379
src/test/nodesessionmetadata_test.cpp,//src:ovms_test,379
src/test/openvino_remote_tensors_tests.cpp,//src:openvino_remote_tensors_tests,242
src/test/openvino_tests.cpp,//src:openvino_tests,239
src/test/optimum_cli_mock.cpp,//src:optimum-cli,1
src/test/ov_utils_test.cpp,//src:ovms_test,379
src/test/ovinferrequestqueue_test.cpp,//src:ovms_test,379
src/test/ovmsconfig_test.cpp,//src:ovms_test,379
src/test/pipelinedefinitionstatus_test.cpp,//src:ovms_test,379
src/test/platform_utils.cpp,//src:test_platform_utils,1
src/test/predict_validation_test.cpp,//src:ovms_test,379
src/test/prediction_service_test.cpp,//src:ovms_test,379
src/test/pull_gguf_hf_model_test.cpp,//src:pull_gguf_hf_model_test,241
src/test/pull_hf_model_test.cpp,//src:pull_hf_model_test,242
src/test/python_environment.cpp,//src:libtest_pythonenvironment,1
src/test/pythonnode_test.cpp,//src:ovms_test,379
src/test/rerank_chunking_test.cpp,//src:ovms_test,379
src/test/rerank_handler_test.cpp,//src:ovms_test,379
src/test/reranknode_test.cpp,//src:ovms_test,379
src/test/rest_utils_test.cpp,//src:ovms_test,379
src/test/schema_test.cpp,//src:ovms_test,379
src/test/sequence_manager_test.cpp,//src:ovms_test,379
src/test/sequence_test.cpp,//src:ovms_test,379
src/test/serialization_tests.cpp,//src:ovms_test,379
src/test/server_test.cpp,//src:ovms_test,379
src/test/shape_test.cpp,//src:ovms_test,379
src/test/standalone_http_server_test.cpp,//src:ovms_test,379
src/test/stateful_config_test.cpp,//src:ovms_test,379
src/test/status_test.cpp,//src:ovms_test,379
src/test/streaming_test.cpp,//src:ovms_test,379
src/test/stringutils_test.cpp,//src:ovms_test,379
src/test/systeminfo_test.cpp,//src:ovms_test,379
src/test/tensor_conversion_test.cpp,//src:ovms_test,379
src/test/tensorinfo_test.cpp,//src:ovms_test,379
src/test/tensorutils_test.cpp,//src:ovms_test,379
src/test/test_cmd_exec.cpp,//src:test_cmd_exec,4
src/test/test_file_utils.cpp,//src:test_file_utils,1
src/test/test_utils.cpp,//src:test_utils,238
src/test/test_with_temp_dir.cpp,//src:test_test_with_temp_dir,3
src/test/text2image_test.cpp,//src:text2image_test,239
src/test/tfs_rest_parser_binary_inputs_test.cpp,//src:ovms_test,379
src/test/tfs_rest_parser_column_test.cpp,//src:ovms_test,379
src/test/tfs_rest_parser_nonamed_test.cpp,//src:ovms_test,379
src/test/tfs_rest_parser_row_test.cpp,//src:ovms_test,379
src/test/threadsafequeue_test.cpp,//src:ovms_test,379
src/test/tokenize_parser_test.cpp,//src:tokenize_parser_tests,3
src/test/unit_tests.cpp,//src:ovms_test,379
src/tfs_frontend/deserialization.cpp,//src:tfs_deserialization,19
src/tfs_frontend/serialization.cpp,//src:tfs_serialization,18
src/tfs_frontend/tensor_conversion.cpp,//src:tfs_backend_impl,48
src/tfs_frontend/tfs_backend_impl.cpp,//src:tfs_backend_impl,48
src/tfs_frontend/tfs_request_utils.cpp,//src:tfs_request_utils,19
src/tfs_frontend/tfs_utils.cpp,//src:tfs_utils,15
src/tfs_frontend/validation.cpp,//src:tfs_validation,16
src/tokenize/tokenize_parser.cpp,//src/tokenize:tokenize_parser,2
src/utils/env_guard.cpp,//src/utils:env_guard,2
src/utils/rapidjson_utils.cpp,//src/utils:rapidjson_utils,1
src/vaapitensorfactory.cpp,//src:libovmstensorfactory,5
src/version.cpp,//src:libovms_version_impl,1
